dialogue,summary
"""#Person1#: Can you send me the sales report by end of the day?",
"#Person2#: Sure, I will have it ready for you by 5 PM.",
"#Person1#: Great, make sure to include the quarterly breakdown.",
#Person2#: Will do. Let me know if there is anything else you need.,
#Person1#: That is all for now. Thanks!,
#Person2#: You are welcome. I will keep you posted.,
#Person1#: Please ensure the data is accurate.,
"#Person2#: Absolutely. I will double-check everything.""",
"""#Person1#: Did you confirm the client meeting for tomorrow?",
"#Person2#: Yes, it is scheduled for 10 AM in the main conference room.",
#Person1#: Perfect. Did you send out the agenda?,
"#Person2#: Not yet, but I will email it this afternoon.",
#Person1#: Please do. It is important we cover all the key points.,
#Person2#: Absolutely. I will take care of it.,
#Person1#: Add a section about budget constraints.,
"#Person2#: Good idea. I will include that as well.""",
"""#Person1#: How was your weekend?",
#Person2#: It was great. I went hiking with friends.,
#Person1#: That sounds fun. Where did you go?,
#Person2#: We went to the Blue Ridge Mountains. It was beautiful.,
#Person1#: I have always wanted to go there. Was it challenging?,
"#Person2#: A little, but the views made it worth it.",
#Person1#: I might plan a trip there soon. Any tips?,
"#Person2#: Just wear good hiking shoes and carry plenty of water.""",
"""#Person1#: Have you seen the new marketing campaign?",
"#Person2#: Yes, it looks impressive. The visuals are great.",
#Person1#: I agree. Do you think it will attract more customers?,
#Person2#: Definitely. It is very engaging and targeted well.,
#Person1#: That is good to hear. We need a boost in sales.,
#Person2#: This campaign should help achieve that.,
#Person1#: Let us monitor its performance closely.,
"#Person2#: Absolutely. I will keep you updated.""",
"""#Person1#: What do you usually do to relax after work?",
#Person2#: I like to read or go for a walk in the park.,
#Person1#: That sounds nice. What kind of books do you read?,
#Person2#: Mostly fiction and a bit of history.,
#Person1#: Do you have a favorite author?,
#Person2#: I enjoy reading books by Jane Austen.,
#Person1#: I have not read her books yet. Any recommendations?,
"#Person2#: You should start with Pride and Prejudice.""",
"""#Person1#: Can you recommend a good place for lunch nearby?",
#Person2#: Sure. There is a great Italian place down the street.,
#Person1#: What is their specialty?,
"#Person2#: Their pasta is amazing, especially the carbonara.",
#Person1#: That sounds delicious. Do they have vegetarian options?,
"#Person2#: Yes, they have plenty of vegetarian dishes.",
#Person1#: Perfect. I will check it out. Thanks!,
#Person2#: You are welcome. Enjoy your meal.,
"#Person1#: Have you completed the quarterly report?""",
"""#Person2#: Not yet. I am finalizing the financial data.",
#Person1#: When can I expect it?,
#Person2#: I should have it ready by tomorrow morning.,
#Person1#: Make sure to double-check the numbers before submitting.,
#Person2#: Of course. I will review everything thoroughly.,
#Person1#: Let me know if you encounter any issues.,
#Person2#: Will do. Thanks for your patience.,
"""#Person1#: How is the progress on the new website design?",
#Person2#: It is coming along well. The homepage is almost done.,
#Person1#: Great. Can I see a preview?,
#Person2#: Sure. I will send you the link this afternoon.,
#Person1#: Thanks. Have you tested it for mobile compatibility?,
"#Person2#: Yes, it works perfectly on all devices.",
#Person1#: That is fantastic. Keep up the good work.,
"#Person2#: Thank you. I appreciate the feedback.""",
"""#Person1#: Are you free to join the team dinner this Friday?",
"#Person2#: Yes, I would love to. Where are we going?",
#Person1#: We are trying out a new Thai restaurant downtown.,
#Person2#: That sounds exciting. What time should I be there?,
#Person1#: The reservation is for 7 PM. Do not be late!,
#Person2#: I will be on time. Thanks for the invitation.,
#Person1#: You are welcome. It will be a fun evening.,
"#Person2#: Looking forward to it.""",
"""#Person1#: Have you checked the latest customer feedback?",
"#Person2#: Yes, most of it is positive.",
#Person1#: That is good to hear. Were there any complaints?,
#Person2#: Just a few about delivery delays.,
#Person1#: We need to address those issues immediately.,
#Person2#: Agreed. I will coordinate with the logistics team.,
#Person1#: Let us discuss this in tomorrow's meeting.,
"#Person2#: Sounds like a plan. I will prepare a report.""",